{"features": {"bMean": 146.94077042091482, "rStdDev": 12.824247092170323, "gStdDev": 53.79849697719232, "gMean": 205.1108025548459, "rMean": 249.91371444440037, "bStdDev": 108.35222987761938}}