{"features": {"bMean": 141.13521701251386, "rStdDev": 35.1051428915686, "gStdDev": 85.71114490713038, "gMean": 155.69750910818945, "rMean": 219.7785323934738, "bStdDev": 102.53569958599478}}