{"features": {"bMean": 169.81590057679728, "rStdDev": 67.00444142520685, "gStdDev": 110.07742517400456, "gMean": 170.08661869933204, "rMean": 208.4235594933698, "bStdDev": 110.09593590799777}}