{"features": {"bMean": 196.72779865211427, "rStdDev": 41.98820367295522, "gStdDev": 83.64225309730638, "gMean": 201.95566688535018, "rMean": 230.64968887298463, "bStdDev": 90.4109593364802}}