{"features": {"bMean": 41.76159783560118, "rStdDev": 7.387568556708976, "gStdDev": 29.986230369694415, "gMean": 188.81938807989178, "rMean": 248.01104082119838, "bStdDev": 58.882304181917846}}