{"features": {"bMean": 132.72998015873017, "rStdDev": 59.56355202216334, "gStdDev": 107.94019500047223, "gMean": 133.74180555555554, "rMean": 192.0366865079365, "bStdDev": 104.77930323734915}}