{"features": {"bMean": 182.16605158730158, "rStdDev": 67.9862077904714, "gStdDev": 103.18910284179425, "gMean": 183.34426587301587, "rMean": 206.96674603174603, "bStdDev": 102.92611536674939}}