{"features": {"bMean": 190.3128408231501, "rStdDev": 11.259031526396011, "gStdDev": 52.89349275858987, "gMean": 218.43547745094136, "rMean": 248.94216455041197, "bStdDev": 93.52605255419837}}