{"features": {"bMean": 180.6176342381613, "rStdDev": 57.052325634151636, "gStdDev": 104.58500178268125, "gMean": 184.61785218941947, "rMean": 219.0669308500099, "bStdDev": 108.10312565239673}}