{"features": {"bMean": 163.03856907731662, "rStdDev": 57.53898888214032, "gStdDev": 94.36460046022877, "gMean": 162.74927125265225, "rMean": 203.8368994031212, "bStdDev": 93.13283587515828}}