{"features": {"bMean": 126.05999840853028, "rStdDev": 8.870442265711153, "gStdDev": 46.49303023054749, "gMean": 198.55365242301266, "rMean": 247.06435505689504, "bStdDev": 98.73129899331386}}