{"features": {"bMean": 126.22652582159624, "rStdDev": 36.95785591060824, "gStdDev": 104.74218836842299, "gMean": 131.772240789369, "rMean": 213.39050688310655, "bStdDev": 106.02690026508154}}