{"features": {"bMean": 140.78885856668248, "rStdDev": 46.627693145409914, "gStdDev": 51.68014819818485, "gMean": 189.0236513209935, "rMean": 229.25557664926436, "bStdDev": 95.9158410955577}}