{"features": {"bMean": 124.8177380952381, "rStdDev": 8.453150263447126, "gStdDev": 56.36215487197489, "gMean": 197.25424603174602, "rMean": 251.08119047619047, "bStdDev": 119.06807024566513}}