{"features": {"bMean": 184.91274848232354, "rStdDev": 44.828602216374634, "gStdDev": 104.20005020588086, "gMean": 181.55275165654882, "rMean": 226.06973376185374, "bStdDev": 100.0407537346912}}