{"features": {"bMean": 167.49083333333334, "rStdDev": 58.365724642286935, "gStdDev": 104.22667583090391, "gMean": 170.3699603174603, "rMean": 211.6912896825397, "bStdDev": 105.11605715364223}}