{"features": {"bMean": 124.96650035637919, "rStdDev": 13.146149098226301, "gStdDev": 55.92201543747347, "gMean": 199.73028035162747, "rMean": 250.1663102874792, "bStdDev": 117.86904198313717}}