{"features": {"bMean": 177.2922023643673, "rStdDev": 57.26062819610185, "gStdDev": 97.1300755409768, "gMean": 178.15800262707478, "rMean": 209.95338932452336, "bStdDev": 95.74650855102314}}