{"features": {"bMean": 112.32653142008907, "rStdDev": 32.20755133857719, "gStdDev": 79.99564933981037, "gMean": 155.37646709549728, "rMean": 227.1148540326571, "bStdDev": 106.01418938056096}}