{"features": {"bMean": 153.10490273918222, "rStdDev": 33.32829447587615, "gStdDev": 58.86992316959523, "gMean": 200.48699880905122, "rMean": 236.208197697499, "bStdDev": 103.15435277297215}}