{"features": {"bMean": 147.48182323292454, "rStdDev": 16.289448712356474, "gStdDev": 60.479653880384156, "gMean": 192.73719093542883, "rMean": 243.32890820335754, "bStdDev": 102.0979342113262}}