{"features": {"bMean": 171.5120774872449, "rStdDev": 59.11768053252661, "gStdDev": 102.95327452969875, "gMean": 175.93751992984693, "rMean": 209.82738759566325, "bStdDev": 105.08097398943337}}