{"features": {"bMean": 37.44511688619912, "rStdDev": 21.09169944414225, "gStdDev": 39.85898566073619, "gMean": 150.30582255448755, "rMean": 243.75477631422808, "bStdDev": 48.40118858410161}}