{"features": {"bMean": 117.46437638844812, "rStdDev": 35.35012997640863, "gStdDev": 60.15704896230522, "gMean": 179.8106355125357, "rMean": 241.21971199619168, "bStdDev": 106.76115057629214}}