{"features": {"bMean": 162.58094954901378, "rStdDev": 38.06941522624368, "gStdDev": 51.40081336167184, "gMean": 211.6758053325404, "rMean": 237.42866488254535, "bStdDev": 101.41858304017087}}