{"features": {"bMean": 212.00390298299413, "rStdDev": 40.321827596301404, "gStdDev": 81.37468227780583, "gMean": 212.80297901150982, "rMean": 236.89758652276078, "bStdDev": 81.79818599582684}}